[
  {
    "city": "Athens",
    "admin": "Attica",
    "country": "Greece",
    "population_proper": "3153000",
    "iso2": "GR",
    "capital": "primary",
    "lat": "37.9838",
    "lng": "23.7275",
    "population": "3153000",
    "coffee": "Grigoris"
  },
  {
    "city": "Thessaloniki",
    "admin": "Central Macedonia",
    "country": "Greece",
    "population_proper": "812000",
    "iso2": "GR",
    "capital": "admin",
    "lat": "40.6401",
    "lng": "22.9444",
    "population": "812000",
    "coffee": "Mikel"
  },
  {
    "city": "Patras",
    "admin": "Western Greece",
    "country": "Greece",
    "population_proper": "213984",
    "iso2": "GR",
    "capital": "admin",
    "lat": "38.2466",
    "lng": "21.7346",
    "population": "213984",
    "coffee": "Everest"
  },
  {
    "city": "Larissa",
    "admin": "Thessaly",
    "country": "Greece",
    "population_proper": "144651",
    "iso2": "GR",
    "capital": "admin",
    "lat": "39.6380",
    "lng": "22.4190",
    "population": "144651",
    "coffee": "Grigoris"
  },
  {
    "city": "Volos",
    "admin": "Thessaly",
    "country": "Greece",
    "population_proper": "144449",
    "iso2": "GR",
    "capital": "admin",
    "lat": "39.3619",
    "lng": "22.9420",
    "population": "144449",
    "coffee": "Everest"
  },
  {
    "city": "Trikala",
    "admin": "Thessaly",
    "country": "Greece",
    "population_proper": "81300",
    "iso2": "GR",
    "capital": "admin",
    "lat": "39.5556",
    "lng": "21.7672",
    "population": "81300",
    "coffee": "Mikel"
  },
  {
    "city": "Kalamata",
    "admin": "Peloponnese",
    "country": "Greece",
    "population_proper": "68800",
    "iso2": "GR",
    "capital": "admin",
    "lat": "37.0386",
    "lng": "22.1142",
    "population": "68800",
    "coffee": "Everest"
  },
  {
    "city": "Preveza",
    "admin": "Epirus",
    "country": "Greece",
    "population_proper": "24800",
    "iso2": "GR",
    "capital": "admin",
    "lat": "38.9500",
    "lng": "20.7500",
    "population": "24800",
    "coffee": "Grigoris"
  },
  {
    "city": "Korinthos",
    "admin": "Peloponnese",
    "country": "Greece",
    "population_proper": "30500",
    "iso2": "GR",
    "capital": "admin",
    "lat": "37.9370",
    "lng": "22.9000",
    "population": "30500",
    "coffee": "Mikel"
  },
  {
    "city": "Tripolis",
    "admin": "Peloponnese",
    "country": "Greece",
    "population_proper": "28500",
    "iso2": "GR",
    "capital": "admin",
    "lat": "37.5089",
    "lng": "22.3792",
    "population": "28500",
    "coffee": "Mikel"
  },
  {
    "city": "Lamia",
    "admin": "Central Greece",
    "country": "Greece",
    "population_proper": "52000",
    "iso2": "GR",
    "capital": "admin",
    "lat": "38.9025",
    "lng": "22.4340",
    "population": "52000",
    "coffee": "Everest"
  },
  {
    "city": "Chalkida",
    "admin": "Central Greece",
    "country": "Greece",
    "population_proper": "59000",
    "iso2": "GR",
    "capital": "admin",
    "lat": "38.4634",
    "lng": "23.6020",
    "population": "59000",
    "coffee": "Mikel"
  },
  {
    "city": "Livadeia",
    "admin": "Central Greece",
    "country": "Greece",
    "population_proper": "21000",
    "iso2": "GR",
    "capital": "admin",
    "lat": "38.4360",
    "lng": "22.8720",
    "population": "21000",
    "coffee": "Grigoris"
  },
  {
    "city": "Amfissa",
    "admin": "Central Greece",
    "country": "Greece",
    "population_proper": "6800",
    "iso2": "GR",
    "capital": "admin",
    "lat": "38.5250",
    "lng": "22.3800",
    "population": "6800",
    "coffee": "Everest"
  },
  {
    "city": "Karpenisi",
    "admin": "Central Greece",
    "country": "Greece",
    "population_proper": "7200",
    "iso2": "GR",
    "capital": "admin",
    "lat": "38.9122",
    "lng": "21.7972",
    "population": "7200",
    "coffee": "Mikel"
  },
  {
    "city": "Nafplio",
    "admin": "Peloponnese",
    "country": "Greece",
    "population_proper": "14500",
    "iso2": "GR",
    "capital": "admin",
    "lat": "37.5670",
    "lng": "22.8000",
    "population": "14500",
    "coffee": "Grigoris"
  },
  {
    "city": "Argos",
    "admin": "Peloponnese",
    "country": "Greece",
    "population_proper": "22500",
    "iso2": "GR",
    "capital": "minor",
    "lat": "37.6300",
    "lng": "22.7300",
    "population": "22500",
    "coffee": "Everest"
  },
  {
    "city": "Sparti",
    "admin": "Peloponnese",
    "country": "Greece",
    "population_proper": "17000",
    "iso2": "GR",
    "capital": "admin",
    "lat": "37.0733",
    "lng": "22.4297",
    "population": "17000",
    "coffee": "Mikel"
  },
  {
    "city": "Pyrgos",
    "admin": "Western Greece",
    "country": "Greece",
    "population_proper": "26000",
    "iso2": "GR",
    "capital": "admin",
    "lat": "37.6751",
    "lng": "21.4372",
    "population": "26000",
    "coffee": "Grigoris"
  },
  {
    "city": "Aigion",
    "admin": "Western Greece",
    "country": "Greece",
    "population_proper": "20000",
    "iso2": "GR",
    "capital": "minor",
    "lat": "38.2500",
    "lng": "22.0833",
    "population": "20000",
    "coffee": "Everest"
  },
  {
    "city": "Kiato",
    "admin": "Peloponnese",
    "country": "Greece",
    "population_proper": "10000",
    "iso2": "GR",
    "capital": "minor",
    "lat": "38.0167",
    "lng": "22.7500",
    "population": "10000",
    "coffee": "Mikel"
  },
  {
    "city": "Xylokastro",
    "admin": "Peloponnese",
    "country": "Greece",
    "population_proper": "5800",
    "iso2": "GR",
    "capital": "minor",
    "lat": "38.0750",
    "lng": "22.6300",
    "population": "5800",
    "coffee": "Grigoris"
  }
]
